23ea22,127.0.0.1,GET,http://localhost:8080/bolt/async/dashboardnews,1455312762,682592
c8c4ed,127.0.0.1,GET,http://localhost:8080/bolt/async/latestactivity,1455312763,682592
682592,10.0.2.2,GET,http://localhost:8080/bolt/bolt,1455312763,
e55a05,10.0.2.2,GET,http://localhost:8080/bolt/bolt/files,1455312772,
a9731c,10.0.2.2,GET,http://localhost:8080/bolt/bolt/files/theme,1455312774,
a601c9,10.0.2.2,GET,http://localhost:8080/bolt/bolt/files/theme,1455312777,
f50186,10.0.2.2,GET,http://localhost:8080/bolt/bolt/files/theme,1455312779,
6e8486,10.0.2.2,GET,http://localhost:8080/bolt/bolt/files/theme/base-2014,1455312786,
8568e0,127.0.0.1,GET,http://localhost:8080/bolt/async/dashboardnews,1455312810,0ed1fd
9876db,127.0.0.1,GET,http://localhost:8080/bolt/async/latestactivity,1455312810,0ed1fd
0ed1fd,10.0.2.2,GET,http://localhost:8080/bolt/bolt,1455312810,
4f9525,10.0.2.2,GET,http://localhost:8080/bolt/async/latestactivity,1455312842,
1603bb,10.0.2.2,GET,http://localhost:8080/bolt/async/latestactivity,1455312872,
3c56df,10.0.2.2,GET,http://localhost:8080/bolt/async/latestactivity,1455312902,
6d4685,10.0.2.2,GET,http://localhost:8080/bolt/async/latestactivity,1455312932,
90f27c,10.0.2.2,GET,http://localhost:8080/bolt/async/latestactivity,1455312962,
864352,10.0.2.2,GET,http://localhost:8080/bolt/async/latestactivity,1455312993,
79fd17,10.0.2.2,GET,http://localhost:8080/bolt/async/latestactivity,1455313024,
f21ecc,10.0.2.2,GET,http://localhost:8080/bolt/async/latestactivity,1455313057,
2aec42,10.0.2.2,GET,http://localhost:8080/bolt/async/latestactivity,1455313094,
0b50ad,10.0.2.2,GET,http://localhost:8080/bolt/async/latestactivity,1455313124,
28c765,10.0.2.2,GET,http://localhost:8080/bolt/async/latestactivity,1455313158,
12c110,10.0.2.2,GET,http://localhost:8080/bolt/async/latestactivity,1455313188,
00e078,10.0.2.2,GET,http://localhost:8080/bolt/async/latestactivity,1455313219,
ebb4f6,10.0.2.2,GET,http://localhost:8080/bolt/async/latestactivity,1455313250,
